Client Name,Project Name,Date Prepared,Prepared By
[Client Name],[Project Name],=TODAY(),[Your Name]
,,,,
,,,,
AI AUTOMATION ROI CALCULATOR,,,,
,,,,
==== INSTRUCTIONS ====,,,,
"1. Fill in the YELLOW cells with your current data",,,,,
"2. Review the GREEN cells for calculated results",,,,,
"3. Adjust assumptions in BLUE cells as needed",,,,,
"4. Share results with client to demonstrate value",,,,,
,,,,
,,,,
==== SECTION 1: CURRENT STATE ANALYSIS ====,,,,
,,,,
A. MANUAL TASKS - TIME TRACKING,,,,
Task Description,Hours/Week,Employees Doing Task,Hourly Rate ($),Weekly Cost,Monthly Cost,Annual Cost
Lead Data Entry,5,2,25,=B7*C7*D7,=E7*4.33,=F7*12
Customer Support Emails,10,1,22,=B8*C8*D8,=E8*4.33,=F8*12
Social Media Posting,8,1,30,=B9*C9*D9,=E9*4.33,=F9*12
Report Generation,4,2,35,=B10*C10*D10,=E10*4.33,=F10*12
Meeting Scheduling,3,1,28,=B11*C11*D11,=E11*4.33,=F11*12
Invoice Processing,6,1,24,=B12*C12*D12,=E12*4.33,=F12*12
[Add more rows as needed],0,0,0,=B13*C13*D13,=E13*4.33,=F13*12
,,,,,
TOTALS,,,,"=SUM(E7:E13)","=SUM(F7:F13)","=SUM(G7:G13)"
,,,,,
,,,,
B. ERROR COSTS & INEFFICIENCIES,,,,
Issue Type,Occurrences/Month,Cost Per Occurrence ($),Monthly Cost,Annual Cost,Notes
Data Entry Errors,5,50,=B18*C18,=D18*12,Time to fix + customer impact
Missed Follow-ups,8,200,=B19*C19,=D19*12,Lost opportunities
Delayed Responses,15,75,=B20*C20,=D20*12,Customer satisfaction
Overtime Hours,10,40,=B21*C21,=D21*12,Catch-up work
[Add more],0,0,=B22*C22,=D22*12,
,,,,,
TOTAL ERROR COSTS,,,"=SUM(D18:D22)","=SUM(E18:E22)",
,,,,,
,,,,
C. OPPORTUNITY COSTS,,,,
Missed Opportunity,Estimated Value ($),Occurrences/Month,Monthly Loss,Annual Loss,Notes
Unqualified Leads Not Followed,500,10,=B26*C26,=D26*12,Could have closed
Slow Response Losing Deals,2000,3,=B27*C27,=D27*12,Competitors faster
Capacity Limits (Can't Scale),5000,1,=B28*C28,=D28*12,Turning away work
[Add more],0,0,=B29*C29,=D29*12,
,,,,,
TOTAL OPPORTUNITY LOSS,,,"=SUM(D26:D29)","=SUM(E26:E29)",
,,,,,
,,,,
==== SECTION 2: AUTOMATION SOLUTION ====,,,,
,,,,
A. PROPOSED AUTOMATIONS,,,,
Automation,Implementation Cost ($),Monthly Cost ($),Time Saved (Hours/Week),Error Reduction (%),Notes
Lead Qualification Bot,3500,50,15,95%,One-time + Zapier subscription
Email Response Automation,2500,30,10,90%,One-time + email platform
Social Media Scheduler,1500,40,8,80%,One-time + Buffer subscription
Report Auto-Generation,2000,25,4,99%,One-time + data tools
Meeting Booking System,1000,20,3,100%,One-time + Calendly
Invoice Automation,1500,35,6,95%,One-time + accounting integration
,,,,,
TOTAL IMPLEMENTATION,"=SUM(B34:B39)","=SUM(C34:C39)","=SUM(D34:D39)",,
,,,,,
,,,,
B. AUTOMATION COSTS - 3 YEAR VIEW,,,,
Cost Type,Year 1,Year 2,Year 3,3-Year Total
Implementation (One-time),=B41,0,0,=B42+C42+D42
Software Subscriptions,=C41*12,=C41*12,=C41*12,=B43+C43+D43
Maintenance (10% of impl),=B41*0.1,=B41*0.1,=B41*0.1,=B44+C44+D44
,,,,,
TOTAL COSTS,"=B42+B43+B44","=C42+C43+C44","=D42+D43+D44","=E42+E43+E44"
,,,,,
,,,,
==== SECTION 3: ROI ANALYSIS ====,,,,
,,,,
A. TIME SAVINGS VALUATION,,,,
Metric,Current,With Automation,Savings,Notes
Hours/Week (All Tasks),=D41,=D41-D101,=C47-D47,From Section 2A
Hours/Month,=C47*4.33,=D47*4.33,=C48-D48,
Hours/Year,=C48*12,=D48*12,=C49-D49,
Average Hourly Rate,$30,$30,$30,Weighted average
,,,,,
ANNUAL LABOR SAVINGS,,,"=E49*E50",
,,,,,
,,,,
B. ERROR REDUCTION SAVINGS,,,,
Current Annual Error Cost,=E19,,,,
Expected Reduction,85%,,,,
Annual Error Savings,,,"=B54*B55",
,,,,,
,,,,
C. REVENUE IMPACT,,,,
Improvement Area,Current Annual,Expected Improvement,Additional Revenue,Notes
Lead Conversion Rate,100000,25%,=B59*C59,Faster follow-up
Customer Retention,200000,10%,=B60*C60,Better service
Capacity/Scale,300000,15%,=B61*C61,Handle more clients
[Add more],0,0%,=B62*C62,
,,,,,
TOTAL REVENUE IMPACT,,,"=SUM(D59:D62)",
,,,,,
,,,,
D. TOTAL BENEFITS - 3 YEAR VIEW,,,,
Benefit Type,Year 1,Year 2,Year 3,3-Year Total
Labor Savings,=E51,=E51,=E51,=B66+C66+D66
Error Reduction,=B56,=B56,=B56,=B67+C67+D67
Revenue Impact,=E63,=E63,=E63,=B68+C68+D68
,,,,,
TOTAL BENEFITS,"=B66+B67+B68","=C66+C67+C68","=D66+D67+D68","=E66+E67+E68"
,,,,,
,,,,
==== SECTION 4: ROI SUMMARY ====,,,,
,,,,
KEY METRICS,,,,
Metric,Value,Formula,Notes
Total Implementation Cost,=B41,,"One-time investment"
Total 3-Year Cost,=E45,,Includes subscriptions + maintenance
Total 3-Year Benefit,=E69,,Labor + errors + revenue
Net Benefit (3-Year),=E69-E45,=E69-E45,Total return
,,,,,
ROI CALCULATIONS,,,,
Metric,Value,Formula,Notes
ROI (%),=(E69-E45)/E45,"=(Total Benefit - Total Cost) / Total Cost",Industry avg: 200-400%
Payback Period (Months),=B41/(E69/36),=B41/(E69/36),When you break even
Annual ROI,=(E69/3)/E45,=Annual Benefit / Initial Cost,
Benefit-Cost Ratio,=E69/E45,=Total Benefit / Total Cost,>2.0 is excellent
,,,,,
,,,,
MONTHLY CASH FLOW,,,,
Month,Investment,Benefits,Net Cash Flow,Cumulative
1,=B41,=E69/36,=C79-B79,=D79
2,0,=E69/36,=C80-B80,=E79+D80
3,0,=E69/36,=C81-B81,=E80+D81
4,0,=E69/36,=C82-B82,=E81+D82
5,0,=E69/36,=C83-B83,=E82+D83
6,0,=E69/36,=C84-B84,=E83+D84
7,0,=E69/36,=C85-B85,=E84+D85
8,0,=E69/36,=C86-B86,=E85+D86
9,0,=E69/36,=C87-B87,=E86+D87
10,0,=E69/36,=C88-B88,=E87+D88
11,0,=E69/36,=C89-B89,=E88+D89
12,0,=E69/36,=C90-B90,=E89+D90
,,,,,
BREAK-EVEN POINT,,"=IF(E90<0,""After 12 months"",MATCH(TRUE,E79:E90>=0,0))","Month when cumulative turns positive",
,,,,,
,,,,
==== SECTION 5: INTANGIBLE BENEFITS ====,,,,
,,,,
Benefit,Impact Level (1-5),Notes,,,,
Improved Customer Satisfaction,5,Faster responses, 24/7 availability,,,,
Employee Satisfaction,4,Less repetitive work, more strategic,,,,
Better Data Quality,5,No manual entry errors,,,,
Scalability,5,Handle 10x volume without hiring,,,,
Competitive Advantage,4,Modern, efficient operations,,,,
Brand Perception,4,Professional, responsive image,,,,
,,,,
,,,,
==== SECTION 6: RISK ANALYSIS ====,,,,
,,,,
Risk,Likelihood (1-5),Impact (1-5),Mitigation Strategy,,,,
Implementation delays,3,3,Phased rollout, clear timeline,,,,
Team adoption resistance,3,4,Training, change management,,,,
Technical issues,2,4,Thorough testing, support plan,,,,
Subscription cost increases,2,2,Annual prepay, negotiate,,,,
Key person dependency,3,3,Documentation, cross-training,,,,
,,,,
,,,,
==== SECTION 7: RECOMMENDATION ====,,,,
,,,,
Recommendation: ☐ PROCEED  ☐ MODIFY  ☐ DO NOT PROCEED,,,,
,,,,
Rationale:,,,,
[Write summary of why to proceed or not based on ROI analysis],,,,,
,,,,
,,,,
Key Decision Factors:,,,,
"✓ ROI of " & TEXT(E74,"0%") & " exceeds threshold of 200%",,,,,
"✓ Payback in " & ROUND(B75,1) & " months is acceptable",,,,,
"✓ 3-year net benefit of $" & TEXT(E69-E45,"#,##0"),,,,,
,,,,,
,,,,
NEXT STEPS:,,,,
"1. Review and validate assumptions with client",,,,,
"2. Adjust numbers based on client feedback",,,,,
"3. Present ROI analysis to decision makers",,,,,
"4. Upon approval, begin implementation planning",,,,,
"5. Schedule kickoff meeting",,,,,
,,,,,
,,,,
Prepared by: ___________________ Date: ___________,,,,,
Approved by: ___________________ Date: ___________,,,,,
,,,,,
,,,,
* This calculator is a template. Adjust all assumptions to match client实际情况.,,,,,
* Industry benchmarks: Average automation ROI is 250-400% over 3 years,,,,,
* Typical payback period: 3-9 months for well-designed automations,,,,,
